{
    "response": {
        "header": {
            "resultCode": "00",
            "resultMsg": "NORMAL SERVICE."
        },
        "body": {
            "items": {
                "item": [
                    {
                        "dutyAddr": "대전광역시 동구 계족로 362, 성남약국 1층 (성남동)",
                        "dutyFax": "042-031-624-5485",
                        "dutyName": "성남약국",
                        "dutyTel1": "042-672-2957",
                        "dutyTime1c": 1900,
                        "dutyTime1s": "0900",
                        "dutyTime2c": 1900,
                        "dutyTime2s": "0900",
                        "dutyTime3c": 1900,
                        "dutyTime3s": "0900",
                        "dutyTime4c": 1900,
                        "dutyTime4s": "0900",
                        "dutyTime5c": 1900,
                        "dutyTime5s": "0900",
                        "dutyTime6c": 1300,
                        "dutyTime6s": "0900",
                        "hpid": "C1601311",
                        "postCdn1": 345,
                        "postCdn2": "90 ",
                        "rnum": 1,
                        "wgs84Lat": 36.3444243564852,
                        "wgs84Lon": 127.434066050389
                    },
                    {
                        "dutyAddr": "경기도 화성시 동탄신리천로1길 73, 103호 (산척동)",
                        "dutyFax": "070-7966-1176",
                        "dutyName": "호반약국",
                        "dutyTel1": "031-374-1176",
                        "dutyTime1c": 1800,
                        "dutyTime1s": "0900",
                        "dutyTime2c": 1800,
                        "dutyTime2s": "0900",
                        "dutyTime3c": 1800,
                        "dutyTime3s": "0900",
                        "dutyTime4c": 1800,
                        "dutyTime4s": "0900",
                        "dutyTime5c": 1800,
                        "dutyTime5s": "0900",
                        "hpid": "C2108752",
                        "postCdn1": 184,
                        "postCdn2": "89 ",
                        "rnum": 2,
                        "wgs84Lat": 37.179441394088,
                        "wgs84Lon": 127.119338868475
                    },
                    {
                        "dutyAddr": "경기도 안산시 상록구 광덕1로 355, 데코스포텔 101,102호 (이동)",
                        "dutyFax": "031-415-7755",
                        "dutyName": "보세온누리약국",
                        "dutyTel1": "031-415-7755",
                        "dutyTime1c": 2100,
                        "dutyTime1s": "0900",
                        "dutyTime2c": 2100,
                        "dutyTime2s": "0900",
                        "dutyTime3c": 2100,
                        "dutyTime3s": "0900",
                        "dutyTime4c": 2100,
                        "dutyTime4s": "0900",
                        "dutyTime5c": 2100,
                        "dutyTime5s": "0900",
                        "dutyTime6c": 1800,
                        "dutyTime6s": "0900",
                        "hpid": "C2104025",
                        "postCdn1": 154,
                        "postCdn2": "94 ",
                        "rnum": 3,
                        "wgs84Lat": 37.307074008954494,
                        "wgs84Lon": 126.8487464523864
                    },
                    {
                        "dutyAddr": "서울특별시 강남구 선릉로 431, 에스케이허브오피스텔 1층 (역삼동)",
                        "dutyName": "타임약국",
                        "dutyTel1": "02-539-0201",
                        "dutyTime1c": 2000,
                        "dutyTime1s": "0930",
                        "dutyTime2c": 2000,
                        "dutyTime2s": "0930",
                        "dutyTime3c": 2000,
                        "dutyTime3s": "0930",
                        "dutyTime4c": 2000,
                        "dutyTime4s": "0930",
                        "dutyTime5c": 2000,
                        "dutyTime5s": "0930",
                        "dutyTime6c": 1830,
                        "dutyTime6s": "0930",
                        "hpid": "C1108221",
                        "postCdn1": "062",
                        "postCdn2": "12 ",
                        "rnum": 4,
                        "wgs84Lat": 37.503435658512,
                        "wgs84Lon": 127.049106892969
                    },
                    {
                        "dutyAddr": "서울특별시 강남구 삼성로 707, 1층(청담동,청담빌딩)",
                        "dutyMapimg": "청담역 8번출구 바로앞",
                        "dutyName": "타조약국",
                        "dutyTel1": "02-3445-0997",
                        "dutyTime1c": 1900,
                        "dutyTime1s": "0900",
                        "dutyTime2c": 1900,
                        "dutyTime2s": "0900",
                        "dutyTime3c": 1900,
                        "dutyTime3s": "0900",
                        "dutyTime4c": 1900,
                        "dutyTime4s": "0900",
                        "dutyTime5c": 1900,
                        "dutyTime5s": "0900",
                        "dutyTime6c": 1700,
                        "dutyTime6s": "0900",
                        "hpid": "C1103798",
                        "postCdn1": "060",
                        "postCdn2": "68 ",
                        "rnum": 5,
                        "wgs84Lat": 37.5192678106758,
                        "wgs84Lon": 127.049598360258
                    },
                    {
                        "dutyAddr": "서울특별시 강남구 선릉로86길 17  (대치동)",
                        "dutyName": "테헤란건강약국",
                        "dutyTel1": "02-556-4166",
                        "dutyTime1c": 2200,
                        "dutyTime1s": "0900",
                        "dutyTime2c": 2200,
                        "dutyTime2s": "0900",
                        "dutyTime3c": 2200,
                        "dutyTime3s": "0900",
                        "dutyTime4c": 2200,
                        "dutyTime4s": "0900",
                        "dutyTime5c": 2200,
                        "dutyTime5s": "0900",
                        "dutyTime6c": 2000,
                        "dutyTime6s": "0900",
                        "dutyTime7c": 1930,
                        "dutyTime7s": 1530,
                        "dutyTime8c": 1930,
                        "dutyTime8s": 1530,
                        "hpid": "C1100829",
                        "postCdn1": "061",
                        "postCdn2": "92 ",
                        "rnum": 6,
                        "wgs84Lat": 37.5035670052591,
                        "wgs84Lon": 127.051066236605
                    },
                    {
                        "dutyAddr": "서울특별시 강남구 언주로147길 6  (논현동)",
                        "dutyMapimg": "1층",
                        "dutyName": "트리스약국",
                        "dutyTel1": "02-541-4545",
                        "dutyTime1c": 1930,
                        "dutyTime1s": "0900",
                        "dutyTime2c": 1930,
                        "dutyTime2s": "0900",
                        "dutyTime3c": 1930,
                        "dutyTime3s": "0900",
                        "dutyTime4c": 1930,
                        "dutyTime4s": "0900",
                        "dutyTime5c": 1930,
                        "dutyTime5s": "0900",
                        "dutyTime6c": 1700,
                        "dutyTime6s": "0900",
                        "hpid": "C1103453",
                        "postCdn1": "060",
                        "postCdn2": "48 ",
                        "rnum": 7,
                        "wgs84Lat": 37.5200945044206,
                        "wgs84Lon": 127.033687796901
                    },
                    {
                        "dutyAddr": "서울특별시 강남구 도산대로 108 (논현동) 1층 일부",
                        "dutyName": "트리플약국",
                        "dutyTel1": "02-517-5256",
                        "dutyTime1c": 2130,
                        "dutyTime1s": 1000,
                        "dutyTime2c": 2130,
                        "dutyTime2s": 1000,
                        "dutyTime3c": 2130,
                        "dutyTime3s": 1000,
                        "dutyTime4c": 2130,
                        "dutyTime4s": 1000,
                        "dutyTime5c": 2130,
                        "dutyTime5s": 1000,
                        "dutyTime6c": 1900,
                        "dutyTime6s": 1000,
                        "hpid": "C1107165",
                        "postCdn1": "060",
                        "postCdn2": "38 ",
                        "rnum": 8,
                        "wgs84Lat": 37.5161918332017,
                        "wgs84Lon": 127.020655869811
                    },
                    {
                        "dutyAddr": "서울특별시 강남구 광평로 196, 202호 (수서동, 제이스프라자)",
                        "dutyMapimg": "수서동성당 맞은편",
                        "dutyName": "튼튼약국",
                        "dutyTel1": "02-451-9111",
                        "dutyTime1c": 1830,
                        "dutyTime1s": "0900",
                        "dutyTime2c": 1830,
                        "dutyTime2s": "0900",
                        "dutyTime3c": 1730,
                        "dutyTime3s": "0900",
                        "dutyTime4c": 1830,
                        "dutyTime4s": "0900",
                        "dutyTime5c": 1830,
                        "dutyTime5s": "0900",
                        "dutyTime6c": 1330,
                        "dutyTime6s": "0900",
                        "hpid": "C1107712",
                        "postCdn1": "063",
                        "postCdn2": "62 ",
                        "rnum": 9,
                        "wgs84Lat": 37.4840026375,
                        "wgs84Lon": 127.094269484
                    },
                    {
                        "dutyAddr": "서울특별시 강남구 개포로 615, 석탑프라자 305-1호 (개포동)",
                        "dutyFax": "02-451-0531",
                        "dutyMapimg": "대모산입구역 4번출구\/수서경찰서 인근",
                        "dutyName": "튼튼중앙약국",
                        "dutyTel1": "02-451-0530",
                        "dutyTime1c": 1900,
                        "dutyTime1s": "0930",
                        "dutyTime2c": 1900,
                        "dutyTime2s": "0930",
                        "dutyTime3c": 1900,
                        "dutyTime3s": "0930",
                        "dutyTime4c": 1900,
                        "dutyTime4s": "0930",
                        "dutyTime5c": 1900,
                        "dutyTime5s": "0930",
                        "dutyTime6c": 1500,
                        "dutyTime6s": "0930",
                        "hpid": "C1107702",
                        "postCdn1": "063",
                        "postCdn2": "35 ",
                        "rnum": 10,
                        "wgs84Lat": 37.4926585332,
                        "wgs84Lon": 127.0755862212
                    },
                    {
                        "dutyAddr": "서울특별시 강남구 논현로 629, 파낙스빌딩 1층 (논현동)",
                        "dutyMapimg": "언주역 2번출구에서 학동역 방향",
                        "dutyName": "파낙스약국",
                        "dutyTel1": "02-518-8766",
                        "dutyTime1c": 1700,
                        "dutyTime1s": "0800",
                        "dutyTime2c": 1700,
                        "dutyTime2s": "0800",
                        "dutyTime3c": 1700,
                        "dutyTime3s": "0800",
                        "dutyTime4c": 1700,
                        "dutyTime4s": "0800",
                        "dutyTime5c": 1700,
                        "dutyTime5s": "0800",
                        "dutyTime6c": 1300,
                        "dutyTime6s": "0800",
                        "hpid": "C1100762",
                        "postCdn1": "061",
                        "postCdn2": "17 ",
                        "rnum": 11,
                        "wgs84Lat": 37.5097397138,
                        "wgs84Lon": 127.0324156959
                    },
                    {
                        "dutyAddr": "서울특별시 강남구 일원로 47",
                        "dutyMapimg": "삼성서울병원앞 육교 건너편(대청역방향) 3번째 건물",
                        "dutyName": "파랑새약국",
                        "dutyTel1": "02-3412-1555",
                        "dutyTime1c": 1830,
                        "dutyTime1s": "0900",
                        "dutyTime2c": 1830,
                        "dutyTime2s": "0900",
                        "dutyTime3c": 1830,
                        "dutyTime3s": "0900",
                        "dutyTime4c": 1830,
                        "dutyTime4s": "0900",
                        "dutyTime5c": 1830,
                        "dutyTime5s": "0900",
                        "dutyTime6c": 1300,
                        "dutyTime6s": "0900",
                        "hpid": "C1102582",
                        "postCdn1": "063",
                        "postCdn2": "43 ",
                        "rnum": 12,
                        "wgs84Lat": 37.48975947772472,
                        "wgs84Lon": 127.08158200005687
                    },
                    {
                        "dutyAddr": "서울특별시 강남구 선릉로 340, 대치 EM 프라자 108호 (대치동)",
                        "dutyMapimg": "한티역 1번출구에서 선릉역 방향",
                        "dutyName": "수정약국",
                        "dutyTel1": "02-562-2757",
                        "dutyTime1c": 2000,
                        "dutyTime1s": "0900",
                        "dutyTime2c": 2000,
                        "dutyTime2s": "0900",
                        "dutyTime3c": 2000,
                        "dutyTime3s": "0900",
                        "dutyTime4c": 2000,
                        "dutyTime4s": "0900",
                        "dutyTime5c": 2000,
                        "dutyTime5s": "0900",
                        "dutyTime6c": 1800,
                        "dutyTime6s": 1000,
                        "hpid": "C1100759",
                        "postCdn1": "061",
                        "postCdn2": "99 ",
                        "rnum": 13,
                        "wgs84Lat": 37.5002229368483,
                        "wgs84Lon": 127.051448351881
                    },
                    {
                        "dutyAddr": "서울특별시 강남구 봉은사로 524  (삼성동)",
                        "dutyName": "팜엑스약국",
                        "dutyTel1": "02-6002-3060",
                        "dutyTime1c": 2200,
                        "dutyTime1s": 1000,
                        "dutyTime2c": 2200,
                        "dutyTime2s": 1000,
                        "dutyTime3c": 2200,
                        "dutyTime3s": 1000,
                        "dutyTime4c": 2200,
                        "dutyTime4s": 1000,
                        "dutyTime5c": 2200,
                        "dutyTime5s": 1000,
                        "dutyTime6c": 2200,
                        "dutyTime6s": 1000,
                        "dutyTime7c": 2200,
                        "dutyTime7s": 1000,
                        "dutyTime8c": 2200,
                        "dutyTime8s": 1000,
                        "hpid": "C1107161",
                        "postCdn1": "061",
                        "postCdn2": "64 ",
                        "rnum": 14,
                        "wgs84Lat": 37.51252112355458,
                        "wgs84Lon": 127.05881739095233
                    },
                    {
                        "dutyAddr": "서울특별시 강남구 삼성로 155",
                        "dutyMapimg": "대치역7번출구 대치퍼스트상가 129호",
                        "dutyName": "퍼스트약국",
                        "dutyTel1": "02-565-3501",
                        "dutyTime1c": 2100,
                        "dutyTime1s": "0900",
                        "dutyTime2c": 2100,
                        "dutyTime2s": "0900",
                        "dutyTime3c": 2100,
                        "dutyTime3s": "0900",
                        "dutyTime4c": 2100,
                        "dutyTime4s": "0900",
                        "dutyTime5c": 2100,
                        "dutyTime5s": "0900",
                        "dutyTime6c": 2000,
                        "dutyTime6s": "0900",
                        "hpid": "C1100560",
                        "postCdn1": "062",
                        "postCdn2": "91 ",
                        "rnum": 15,
                        "wgs84Lat": 37.49383951487893,
                        "wgs84Lon": 127.06301871692635
                    },
                    {
                        "dutyAddr": "서울특별시 강남구 도산대로 118",
                        "dutyMapimg": "신사역 1번출구",
                        "dutyName": "포인트약국",
                        "dutyTel1": "02-547-3196",
                        "dutyTime1c": 2100,
                        "dutyTime1s": 1030,
                        "dutyTime2c": 2100,
                        "dutyTime2s": 1030,
                        "dutyTime3c": 2000,
                        "dutyTime3s": 1030,
                        "dutyTime4c": 2100,
                        "dutyTime4s": 1030,
                        "dutyTime5c": 2100,
                        "dutyTime5s": 1030,
                        "dutyTime6c": 1700,
                        "dutyTime6s": 1030,
                        "hpid": "C1103559",
                        "postCdn1": "060",
                        "postCdn2": "38 ",
                        "rnum": 16,
                        "wgs84Lat": 37.5166346277069,
                        "wgs84Lon": 127.02173278216931
                    },
                    {
                        "dutyAddr": "서울특별시 강남구 삼성로 352 창원빌딩 (대치동)",
                        "dutyMapimg": "대치사거리 인근",
                        "dutyName": "프라임엠약국",
                        "dutyTel1": "02-3288-9772",
                        "dutyTime1c": 2130,
                        "dutyTime1s": "0900",
                        "dutyTime2c": 2130,
                        "dutyTime2s": "0900",
                        "dutyTime3c": 2130,
                        "dutyTime3s": "0900",
                        "dutyTime4c": 2130,
                        "dutyTime4s": "0900",
                        "dutyTime5c": 2000,
                        "dutyTime5s": "0900",
                        "dutyTime6c": 1500,
                        "dutyTime6s": "0900",
                        "hpid": "C1104105",
                        "postCdn1": "061",
                        "postCdn2": "86 ",
                        "rnum": 17,
                        "wgs84Lat": 37.503442510641904,
                        "wgs84Lon": 127.05914973411605
                    },
                    {
                        "dutyAddr": "서울특별시 강남구 테헤란로 111, 대건빌딩 1층 일부호 (역삼동)",
                        "dutyFax": "050-4017-8836",
                        "dutyName": "플러스약국",
                        "dutyTel1": "070-7783-4101",
                        "dutyTime1c": 2200,
                        "dutyTime1s": "0900",
                        "dutyTime2c": 2200,
                        "dutyTime2s": "0900",
                        "dutyTime3c": 2200,
                        "dutyTime3s": "0900",
                        "dutyTime4c": 2200,
                        "dutyTime4s": "0900",
                        "dutyTime5c": 2200,
                        "dutyTime5s": "0900",
                        "dutyTime6c": 1900,
                        "dutyTime6s": "0930",
                        "hpid": "C1107716",
                        "postCdn1": "061",
                        "postCdn2": "34 ",
                        "rnum": 18,
                        "wgs84Lat": 37.498881615,
                        "wgs84Lon": 127.0292807277
                    },
                    {
                        "dutyAddr": "서울특별시 강남구 압구정로 224  (신사동)",
                        "dutyEtc": "대표번호1 지역번호 추가20170118150453",
                        "dutyMapimg": "우미빌딩 207호",
                        "dutyName": "하나약국",
                        "dutyTel1": "02-543-6650",
                        "dutyTime1c": 1730,
                        "dutyTime1s": "0900",
                        "dutyTime2c": 1730,
                        "dutyTime2s": "0900",
                        "dutyTime3c": 1730,
                        "dutyTime3s": "0900",
                        "dutyTime4c": 1800,
                        "dutyTime4s": "0900",
                        "dutyTime5c": 1730,
                        "dutyTime5s": "0900",
                        "dutyTime6c": 1300,
                        "dutyTime6s": "0900",
                        "hpid": "C1100677",
                        "postCdn1": "060",
                        "postCdn2": "23 ",
                        "rnum": 19,
                        "wgs84Lat": 37.528563544989595,
                        "wgs84Lon": 127.03214779606115
                    },
                    {
                        "dutyAddr": "서울특별시 강남구 논현로 841  (신사동)",
                        "dutyEtc": "대표번호1 지역번호 추가20170118150453",
                        "dutyMapimg": "제이비미소빌딩 111호",
                        "dutyName": "하늘약국",
                        "dutyTel1": "02-549-9119",
                        "dutyTime1c": 1900,
                        "dutyTime1s": "0930",
                        "dutyTime2c": 1900,
                        "dutyTime2s": "0930",
                        "dutyTime3c": 1900,
                        "dutyTime3s": "0930",
                        "dutyTime4c": 1900,
                        "dutyTime4s": "0930",
                        "dutyTime5c": 1900,
                        "dutyTime5s": "0930",
                        "dutyTime6c": 1800,
                        "dutyTime6s": 1000,
                        "hpid": "C1103757",
                        "postCdn1": "060",
                        "postCdn2": "31 ",
                        "rnum": 20,
                        "wgs84Lat": 37.52406321711114,
                        "wgs84Lon": 127.0279059050638
                    },
                    {
                        "dutyAddr": "서울특별시 강남구 영동대로 602 (삼성동) 삼성동 미켈란 1075층 일부",
                        "dutyEtc": "2014.04 개업",
                        "dutyName": "하늘온누리약국",
                        "dutyTel1": "02-3443-3359",
                        "dutyTime1c": 1930,
                        "dutyTime1s": "0900",
                        "dutyTime2c": 1930,
                        "dutyTime2s": "0900",
                        "dutyTime3c": 1930,
                        "dutyTime3s": "0900",
                        "dutyTime4c": 1930,
                        "dutyTime4s": "0900",
                        "dutyTime5c": 1930,
                        "dutyTime5s": "0900",
                        "dutyTime6c": 1700,
                        "dutyTime6s": "0900",
                        "hpid": "C1106933",
                        "postCdn1": "060",
                        "postCdn2": "83 ",
                        "rnum": 21,
                        "wgs84Lat": 37.514886061247466,
                        "wgs84Lon": 127.06041089675408
                    },
                    {
                        "dutyAddr": "서울특별시 강남구 언주로 859, 1층 (신사동, 쉬즈.애비뉴빌딩)",
                        "dutyName": "하이약국",
                        "dutyTel1": "02-545-5170",
                        "dutyTime1c": 1830,
                        "dutyTime1s": "0900",
                        "dutyTime2c": 1830,
                        "dutyTime2s": "0900",
                        "dutyTime3c": 1830,
                        "dutyTime3s": "0900",
                        "dutyTime4c": 1830,
                        "dutyTime4s": "0900",
                        "dutyTime5c": 1830,
                        "dutyTime5s": "0900",
                        "dutyTime6c": 1330,
                        "dutyTime6s": "0900",
                        "hpid": "C1107392",
                        "postCdn1": "060",
                        "postCdn2": "23 ",
                        "rnum": 22,
                        "wgs84Lat": 37.52719015209999,
                        "wgs84Lon": 127.03311107979998
                    },
                    {
                        "dutyAddr": "서울특별시 강남구 논현로131길 23, 홍재빌딩 1층 일부호 (논현동)",
                        "dutyFax": "02-511-7474",
                        "dutyName": "학동봄약국",
                        "dutyTel1": "02-511-7474",
                        "dutyTime1c": 1900,
                        "dutyTime1s": "0900",
                        "dutyTime2c": 1900,
                        "dutyTime2s": "0900",
                        "dutyTime3c": 1900,
                        "dutyTime3s": "0900",
                        "dutyTime4c": 1900,
                        "dutyTime4s": "0900",
                        "dutyTime5c": 1900,
                        "dutyTime5s": "0900",
                        "dutyTime6c": 1400,
                        "dutyTime6s": "0900",
                        "hpid": "C1108824",
                        "postCdn1": "060",
                        "postCdn2": "46 ",
                        "rnum": 23,
                        "wgs84Lat": 37.5139370480622,
                        "wgs84Lon": 127.028552633603
                    },
                    {
                        "dutyAddr": "서울특별시 강남구 학동로 203, 1층 (논현동)",
                        "dutyFax": "02-6455-8075",
                        "dutyInf": "환자를 먼저 생각하는 마음으로 항상 친절하고 성의있게 최선을 다하겠습니다.",
                        "dutyMapimg": "학동역 8,9번출구 사이",
                        "dutyName": "학동약국",
                        "dutyTel1": "02-3443-8575",
                        "dutyTime1c": 1930,
                        "dutyTime1s": "0840",
                        "dutyTime2c": 1930,
                        "dutyTime2s": "0840",
                        "dutyTime3c": 1930,
                        "dutyTime3s": "0840",
                        "dutyTime4c": 1930,
                        "dutyTime4s": "0840",
                        "dutyTime5c": 1930,
                        "dutyTime5s": "0840",
                        "dutyTime6c": 1400,
                        "dutyTime6s": "0810",
                        "hpid": "C1108127",
                        "postCdn1": "060",
                        "postCdn2": "52 ",
                        "rnum": 24,
                        "wgs84Lat": 37.5144216626,
                        "wgs84Lon": 127.031187069
                    },
                    {
                        "dutyAddr": "서울특별시 강남구 선릉로 513, 1층 (역삼동, 아펙스타워)",
                        "dutyName": "한사랑약국",
                        "dutyTel1": "02-567-7850",
                        "dutyTime1c": 1900,
                        "dutyTime1s": "0900",
                        "dutyTime2c": 1900,
                        "dutyTime2s": "0900",
                        "dutyTime3c": 1900,
                        "dutyTime3s": "0900",
                        "dutyTime4c": 1900,
                        "dutyTime4s": "0900",
                        "dutyTime5c": 1900,
                        "dutyTime5s": "0900",
                        "dutyTime6c": 1400,
                        "dutyTime6s": "0900",
                        "hpid": "C1103314",
                        "postCdn1": "061",
                        "postCdn2": "50 ",
                        "rnum": 25,
                        "wgs84Lat": 37.505281734679656,
                        "wgs84Lon": 127.04830743929945
                    },
                    {
                        "dutyAddr": "서울특별시 강남구 역삼로 310  (역삼동)",
                        "dutyEtc": "공휴일은 운영여부 개인사정으로 변동될 수 있어 전화확인 후 방문부탁드립니다.",
                        "dutyMapimg": "선릉역3번출구e마트2층",
                        "dutyName": "한솔인유로온누리약국",
                        "dutyTel1": "02-3453-8171",
                        "dutyTime1c": 2000,
                        "dutyTime1s": "0900",
                        "dutyTime2c": 2000,
                        "dutyTime2s": "0900",
                        "dutyTime3c": 2000,
                        "dutyTime3s": "0900",
                        "dutyTime4c": 2000,
                        "dutyTime4s": "0900",
                        "dutyTime5c": 2000,
                        "dutyTime5s": "0900",
                        "dutyTime6c": 1630,
                        "dutyTime6s": "0900",
                        "dutyTime7c": 1300,
                        "dutyTime7s": 1000,
                        "dutyTime8c": 1300,
                        "dutyTime8s": 1000,
                        "hpid": "C1100257",
                        "postCdn1": "062",
                        "postCdn2": "17 ",
                        "rnum": 26,
                        "wgs84Lat": 37.49923572317221,
                        "wgs84Lon": 127.0484199572856
                    },
                    {
                        "dutyAddr": "서울특별시 강남구 논현로176길 14, 3층 일부호 (신사동)",
                        "dutyEtc": "대표번호1 지역번호 추가20170118150453",
                        "dutyFax": "02-514-5669",
                        "dutyName": "한양약국",
                        "dutyTel1": "02-514-5665",
                        "dutyTime1c": 1730,
                        "dutyTime1s": "0830",
                        "dutyTime2c": 1730,
                        "dutyTime2s": "0830",
                        "dutyTime3c": 1730,
                        "dutyTime3s": "0830",
                        "dutyTime4c": 1730,
                        "dutyTime4s": "0830",
                        "dutyTime5c": 1730,
                        "dutyTime5s": "0830",
                        "dutyTime6c": 1700,
                        "dutyTime6s": "0900",
                        "hpid": "C1103232",
                        "postCdn1": "060",
                        "postCdn2": "22 ",
                        "rnum": 27,
                        "wgs84Lat": 37.52700274770454,
                        "wgs84Lon": 127.02970803551179
                    },
                    {
                        "dutyAddr": "서울특별시 강남구 선릉로 225, 지하1층 133호 (도곡동,도곡렉슬상가)",
                        "dutyMapimg": "도곡렉슬상가 지하 1층 133",
                        "dutyName": "한티약국",
                        "dutyTel1": "02-574-2575",
                        "dutyTime1c": 2030,
                        "dutyTime1s": "0900",
                        "dutyTime2c": 2030,
                        "dutyTime2s": "0900",
                        "dutyTime3c": 2030,
                        "dutyTime3s": "0900",
                        "dutyTime4c": 2030,
                        "dutyTime4s": "0900",
                        "dutyTime5c": 2030,
                        "dutyTime5s": "0900",
                        "dutyTime6c": 1930,
                        "dutyTime6s": "0900",
                        "hpid": "C1100198",
                        "postCdn1": "062",
                        "postCdn2": "76 ",
                        "rnum": 28,
                        "wgs84Lat": 37.495349589658225,
                        "wgs84Lon": 127.05282542838968
                    },
                    {
                      "dutyAddr": "서울특별시 강남구로 152 (역삼동)",
                        "dutyEtc": "토요일: 격주운영함(연락후 방문필요)",
                        "dutyMapimg": "역삼역 2번출구 바로앞",
                        "dutyName": "해림온누리약국",
                        "dutyTel1": "02-2112-2911",
                        "dutyTime1c": 2030,
                        "dutyTime1s": "0900",
                        "dutyTime2c": 2030,
                        "dutyTime2s": "0900",
                        "dutyTime3c": 2030,
                        "dutyTime3s": "0900",
                        "dutyTime4c": 2030,
                        "dutyTime4s": "0900",
                        "dutyTime5c": 2030,
                        "dutyTime5s": "0900",
                        "dutyTime6c": 1600,
                        "dutyTime6s": "0930",
                        "hpid": "C1104457",
                        "postCdn1": "062",
                        "postCdn2": "36 ",
                        "rnum": 29,
                        "wgs84Lat": 37.5000242405515,
                        "wgs84Lon": 127.036508620542
                    },
                    {
                        "dutyAddr": "서울특별시 강남구 남부순환로363길 13",
                        "dutyMapimg": "양재역 4번출구\/언주초등학교 정문 옆",
                        "dutyName": "해맑은약국",
                        "dutyTel1": "02-571-0029",
                        "dutyTime1c": 2200,
                        "dutyTime1s": "0900",
                        "dutyTime2c": 2200,
                        "dutyTime2s": "0900",
                        "dutyTime3c": 2200,
                        "dutyTime3s": "0900",
                        "dutyTime4c": 2200,
                        "dutyTime4s": "0900",
                        "dutyTime5c": 2200,
                        "dutyTime5s": "0900",
                        "dutyTime6c": 2200,
                        "dutyTime6s": "0900",
                        "dutyTime7c": 2000,
                        "dutyTime7s": 1300,
                        "hpid": "C1100125",
                        "postCdn1": "062",
                        "postCdn2": "68 ",
                        "rnum": 30,
                        "wgs84Lat": 37.4868328067286,
                        "wgs84Lon": 127.037842868281
                    }
                ]
            },
            "numOfRows": 30,
            "pageNo": 1,
            "totalCount": 24542
        }
    }
}